motion_idx,motion_name,motion_file,completion_rate,episode_length,motion_length,avg_joint_error,avg_pose_error,max_roll,max_pitch,termination_reason,difficulty_score,joint_score,pose_score,stability_score
0,0807_yanjie_walk_050.pkl,/home/huanghao/source/datasets/gmr_retarget_x/v1_v2_v3_g1_numpy123/0807_yanjie_walk_050.pkl,1.0,3250.0,8.803093910217285,0.23071622848510742,4.814172744750977,3.1413381099700928,1.5599327087402344,unknown,1043.2148498438382,23.071622848510742,481.41727447509766,538.7259525202298
1,0811_static_004.pkl,/home/huanghao/source/datasets/gmr_retarget_x/v1_v2_v3_g1_numpy123/0811_static_004.pkl,1.0,3250.0,15.729565620422363,0.25818413496017456,1.5199100971221924,3.1404995918273926,1.5692522525787354,unknown,717.5072296850893,25.818413496017456,151.99100971221924,539.6978064768526
2,0807_yanjie_walk_023.pkl,/home/huanghao/source/datasets/gmr_retarget_x/v1_v2_v3_g1_numpy123/0807_yanjie_walk_023.pkl,1.0,3250.0,10.8157377243042,0.37691447138786316,3.3841631412506104,3.108827590942383,1.56234610080719,unknown,911.384837083436,37.691447138786316,338.41631412506104,535.2770758195886
3,0807_yanjie_walk_044.pkl,/home/huanghao/source/datasets/gmr_retarget_x/v1_v2_v3_g1_numpy123/0807_yanjie_walk_044.pkl,1.0,3250.0,13.746018409729004,0.4805893898010254,1.5378587245941162,3.0592823028564453,1.559672474861145,unknown,731.1380404895247,48.05893898010254,153.78587245941162,529.2932290500105
4,0807_yanjie_walk_029.pkl,/home/huanghao/source/datasets/gmr_retarget_x/v1_v2_v3_g1_numpy123/0807_yanjie_walk_029.pkl,1.0,3250.0,15.421815872192383,0.28303322196006775,1.2737092971801758,3.1275649070739746,1.560548186302185,unknown,692.8924401749739,28.303322196006775,127.37092971801758,537.2181882609495
5,0807_yanjie_walk_027.pkl,/home/huanghao/source/datasets/gmr_retarget_x/v1_v2_v3_g1_numpy123/0807_yanjie_walk_027.pkl,1.0,3250.0,11.479779243469238,0.27132898569107056,3.259432077407837,3.1369640827178955,1.5693315267562866,unknown,892.377857437531,27.132898569107056,325.9432077407837,539.3017511276403
6,0811_static_021.pkl,/home/huanghao/source/datasets/gmr_retarget_x/v1_v2_v3_g1_numpy123/0811_static_021.pkl,1.0,3250.0,13.08669662475586,0.26797470450401306,4.260845184326172,1.5832762718200684,1.5585259199142456,unknown,812.9060001856745,26.797470450401306,426.0845184326172,360.02401130265605
7,0811_static_001.pkl,/home/huanghao/source/datasets/gmr_retarget_x/v1_v2_v3_g1_numpy123/0811_static_001.pkl,1.0,3250.0,23.298919677734375,0.28400295972824097,1.1818766593933105,3.118480682373047,1.5617202520370483,unknown,682.8994835419205,28.400295972824097,118.18766593933105,536.3115216297654
8,0807_yanjie_walk_035.pkl,/home/huanghao/source/datasets/gmr_retarget_x/v1_v2_v3_g1_numpy123/0807_yanjie_walk_035.pkl,1.0,3250.0,8.370552062988281,0.3079756796360016,0.9506030678749084,2.8680496215820312,1.535640001296997,unknown,630.4835341041419,30.79756796360016,95.06030678749084,504.6256593530509
9,0807_yanjie_walk_008.pkl,/home/huanghao/source/datasets/gmr_retarget_x/v1_v2_v3_g1_numpy123/0807_yanjie_walk_008.pkl,1.0,3250.0,7.2695698738098145,0.29690513014793396,22.229825973510742,3.119232654571533,1.5538429021835327,unknown,2788.168123861493,29.690513014793396,2222.982597351074,535.4950134956254
10,0807_yanjie_walk_043.pkl,/home/huanghao/source/datasets/gmr_retarget_x/v1_v2_v3_g1_numpy123/0807_yanjie_walk_043.pkl,1.0,3250.0,7.56650447845459,0.24408140778541565,8.79794979095459,3.1376116275787354,1.5678062438964844,unknown,1443.4042896359233,24.408140778541565,879.794979095459,539.2011697619226
11,0811_static_006.pkl,/home/huanghao/source/datasets/gmr_retarget_x/v1_v2_v3_g1_numpy123/0811_static_006.pkl,1.0,3250.0,42.67534255981445,0.2826600670814514,0.9280975461006165,3.1349706649780273,1.558347463607788,unknown,658.8904026786169,28.26600670814514,92.80975461006165,537.8146413604101
12,0807_yanjie_walk_041.pkl,/home/huanghao/source/datasets/gmr_retarget_x/v1_v2_v3_g1_numpy123/0807_yanjie_walk_041.pkl,1.0,3250.0,13.083586692810059,0.24541603028774261,8.334259986877441,3.116102695465088,1.5522541999816895,unknown,1392.9218964563106,24.54160302877426,833.4259986877441,534.9542947397922
13,0811_static_011.pkl,/home/huanghao/source/datasets/gmr_retarget_x/v1_v2_v3_g1_numpy123/0811_static_011.pkl,1.0,3250.0,36.137813568115234,0.23065447807312012,1.0723642110824585,3.1141719818115234,1.563977837562561,unknown,666.3783500756048,23.06544780731201,107.23642110824585,536.0764811600469
14,0807_yanjie_walk_034.pkl,/home/huanghao/source/datasets/gmr_retarget_x/v1_v2_v3_g1_numpy123/0807_yanjie_walk_034.pkl,1.0,3250.0,19.2074031829834,0.3134203553199768,2.928837299346924,3.14155912399292,1.565962553024292,unknown,863.6680135855574,31.34203553199768,292.8837299346924,539.4422481188674
15,0811_static_016.pkl,/home/huanghao/source/datasets/gmr_retarget_x/v1_v2_v3_g1_numpy123/0811_static_016.pkl,1.0,3250.0,17.139799118041992,0.2813524901866913,1.2038302421569824,1.6841844320297241,1.5500742197036743,unknown,519.1370144303588,28.13524901866913,120.38302421569824,370.61874119599145
16,0807_yanjie_walk_028.pkl,/home/huanghao/source/datasets/gmr_retarget_x/v1_v2_v3_g1_numpy123/0807_yanjie_walk_028.pkl,1.0,3250.0,15.227567672729492,0.2872122526168823,6.7720947265625,3.1408631801605225,1.5658891201019287,unknown,1245.284781954999,28.721225261688232,677.20947265625,539.3540840370608
17,0811_static_022.pkl,/home/huanghao/source/datasets/gmr_retarget_x/v1_v2_v3_g1_numpy123/0811_static_022.pkl,1.0,3250.0,18.23188018798828,0.24614638090133667,1.0533862113952637,3.114718198776245,1.5663478374481201,unknown,666.363914225039,24.614638090133667,105.33862113952637,536.410654995379
18,0811_static_007.pkl,/home/huanghao/source/datasets/gmr_retarget_x/v1_v2_v3_g1_numpy123/0811_static_007.pkl,1.0,3250.0,24.797836303710938,0.2601771354675293,1.0505319833755493,3.113795042037964,1.5686126947402954,unknown,667.6353144379037,26.01771354675293,105.05319833755493,536.5644025535959
19,0811_static_003.pkl,/home/huanghao/source/datasets/gmr_retarget_x/v1_v2_v3_g1_numpy123/0811_static_003.pkl,1.0,3250.0,20.447229385375977,0.2954351603984833,0.7832592725753784,3.139179229736328,1.563052773475647,unknown,646.7055394481716,29.543516039848328,78.32592725753784,538.8360961507855
20,0807_yanjie_walk_007.pkl,/home/huanghao/source/datasets/gmr_retarget_x/v1_v2_v3_g1_numpy123/0807_yanjie_walk_007.pkl,1.0,3250.0,17.402158737182617,0.2484893500804901,3.93381667137146,3.1412665843963623,1.5561071634292603,unknown,956.5099832371111,24.84893500804901,393.381667137146,538.2793810919161
21,0807_yanjie_walk_049.pkl,/home/huanghao/source/datasets/gmr_retarget_x/v1_v2_v3_g1_numpy123/0807_yanjie_walk_049.pkl,1.0,3250.0,9.675439834594727,0.24927634000778198,1.510390281677246,3.112734079360962,1.5598998069763184,unknown,711.4110639623784,24.9276340007782,151.0390281677246,535.4444017938756
22,0811_static_017.pkl,/home/huanghao/source/datasets/gmr_retarget_x/v1_v2_v3_g1_numpy123/0811_static_017.pkl,1.0,3250.0,27.038867950439453,0.251482218503952,1.5739452838897705,3.1409125328063965,1.5669671297073364,unknown,722.0260204743947,25.148221850395203,157.39452838897705,539.4832702350225
23,0807_yanjie_walk_005.pkl,/home/huanghao/source/datasets/gmr_retarget_x/v1_v2_v3_g1_numpy123/0807_yanjie_walk_005.pkl,1.0,3250.0,17.236679077148438,0.2439197152853012,2.323307991027832,3.0753731727600098,1.5671751499176025,unknown,788.7196207812466,24.39197152853012,232.3307991027832,531.9968501499333
24,0811_static_005.pkl,/home/huanghao/source/datasets/gmr_retarget_x/v1_v2_v3_g1_numpy123/0811_static_005.pkl,1.0,3250.0,21.89490509033203,0.22999578714370728,1.6278420686721802,2.9204118251800537,1.5643185377120972,unknown,699.6960296773775,22.999578714370728,162.78420686721802,513.9122440957888
25,0811_static_014.pkl,/home/huanghao/source/datasets/gmr_retarget_x/v1_v2_v3_g1_numpy123/0811_static_014.pkl,1.0,3250.0,27.702919006347656,0.3204130530357361,3.7381153106689453,3.1413068771362305,1.5574063062667847,unknown,944.2857054734127,32.04130530357361,373.81153106689453,538.4328691029446
26,0807_yanjie_walk_003.pkl,/home/huanghao/source/datasets/gmr_retarget_x/v1_v2_v3_g1_numpy123/0807_yanjie_walk_003.pkl,1.0,3250.0,16.3673038482666,0.2462959885597229,12.691666603088379,3.1393826007843018,1.5665818452835083,unknown,1833.0600617614218,24.62959885597229,1269.166660308838,539.2638025966116
27,0811_static_023.pkl,/home/huanghao/source/datasets/gmr_retarget_x/v1_v2_v3_g1_numpy123/0811_static_023.pkl,1.0,3250.0,13.285372734069824,0.2325652539730072,3.2938337326049805,3.132016897201538,1.5668597221374512,unknown,891.0914961394475,23.25652539730072,329.38337326049805,538.4515974816487
28,0807_yanjie_walk_046.pkl,/home/huanghao/source/datasets/gmr_retarget_x/v1_v2_v3_g1_numpy123/0807_yanjie_walk_046.pkl,1.0,3250.0,9.54022216796875,0.36748939752578735,56.93476486206055,3.1412460803985596,1.5546385049819946,unknown,6268.334161604326,36.748939752578735,5693.476486206055,538.1087356456925
29,0807_yanjie_walk_012.pkl,/home/huanghao/source/datasets/gmr_retarget_x/v1_v2_v3_g1_numpy123/0807_yanjie_walk_012.pkl,1.0,3250.0,9.542452812194824,0.2678506076335907,8.282281875610352,3.14011812210083,1.5701982975006104,unknown,1394.7757503530652,26.78506076335907,828.2281875610352,539.762502028671
30,0807_yanjie_walk_031.pkl,/home/huanghao/source/datasets/gmr_retarget_x/v1_v2_v3_g1_numpy123/0807_yanjie_walk_031.pkl,1.0,3250.0,14.598272323608398,0.2842811942100525,2.7595553398132324,3.1412742137908936,1.5693315267562866,unknown,844.1793091692307,28.42811942100525,275.95553398132324,539.7956557669022
31,0807_yanjie_walk_004.pkl,/home/huanghao/source/datasets/gmr_retarget_x/v1_v2_v3_g1_numpy123/0807_yanjie_walk_004.pkl,1.0,3250.0,12.734214782714844,0.32667243480682373,33.41337585449219,3.1405017375946045,1.5643277168273926,unknown,3913.138571064337,32.66724348068237,3341.3375854492188,539.1337421344363
32,0811_static_010.pkl,/home/huanghao/source/datasets/gmr_retarget_x/v1_v2_v3_g1_numpy123/0811_static_010.pkl,1.0,3250.0,19.14679718017578,0.2628420293331146,0.7381656169891357,3.1157150268554688,1.5669671297073364,unknown,636.6966133767596,26.284202933311462,73.81656169891357,536.5958487445346
33,0807_yanjie_walk_011.pkl,/home/huanghao/source/datasets/gmr_retarget_x/v1_v2_v3_g1_numpy123/0807_yanjie_walk_011.pkl,1.0,3250.0,4.788455963134766,0.3010713458061218,33.19532012939453,3.1306886672973633,1.5575494766235352,unknown,3886.8716655178932,30.107134580612183,3319.532012939453,537.2325179978282
34,0807_yanjie_walk_032.pkl,/home/huanghao/source/datasets/gmr_retarget_x/v1_v2_v3_g1_numpy123/0807_yanjie_walk_032.pkl,1.0,3250.0,12.247779846191406,0.3435112535953522,3.1928703784942627,3.141533613204956,1.56110417842865,unknown,892.5207592876164,34.35112535953522,319.28703784942627,538.882596078655
35,0811_static_012.pkl,/home/huanghao/source/datasets/gmr_retarget_x/v1_v2_v3_g1_numpy123/0811_static_012.pkl,1.0,3250.0,21.61791229248047,0.22439156472682953,1.3108201026916504,3.141019344329834,1.5679913759231567,unknown,693.1340466465606,22.439156472682953,131.08201026916504,539.6128799047126
36,0811_static_002.pkl,/home/huanghao/source/datasets/gmr_retarget_x/v1_v2_v3_g1_numpy123/0811_static_002.pkl,1.0,3250.0,26.089628219604492,0.23805052042007446,1.2118827104568481,3.1399807929992676,1.5651651620864868,unknown,684.1633335266213,23.805052042007446,121.18827104568481,539.170010438929
37,0811_static_013.pkl,/home/huanghao/source/datasets/gmr_retarget_x/v1_v2_v3_g1_numpy123/0811_static_013.pkl,1.0,3250.0,30.319934844970703,0.22022321820259094,2.6182382106781006,3.1231772899627686,1.5680558681488037,unknown,821.4218642313122,22.022321820259094,261.82382106781006,537.575721343243
38,0807_yanjie_walk_033.pkl,/home/huanghao/source/datasets/gmr_retarget_x/v1_v2_v3_g1_numpy123/0807_yanjie_walk_033.pkl,1.0,3250.0,6.9933295249938965,0.28503596782684326,6.514325141906738,3.0400211811065674,1.558271050453186,unknown,1206.8615866456921,28.503596782684326,651.4325141906738,526.9254756723338
39,0807_yanjie_walk_015.pkl,/home/huanghao/source/datasets/gmr_retarget_x/v1_v2_v3_g1_numpy123/0807_yanjie_walk_015.pkl,1.0,3250.0,11.213859558105469,0.330154150724411,40.493778228759766,3.140777111053467,1.5657336711883545,unknown,4621.719646058962,33.0154150724411,4049.3778228759766,539.326408110544
40,0807_yanjie_walk_042.pkl,/home/huanghao/source/datasets/gmr_retarget_x/v1_v2_v3_g1_numpy123/0807_yanjie_walk_042.pkl,1.0,3250.0,13.653034210205078,0.26008784770965576,21.168033599853516,3.1415858268737793,1.5542232990264893,unknown,2680.9122333825203,26.008784770965576,2116.8033599853516,538.1000886262032
41,0807_yanjie_walk_020.pkl,/home/huanghao/source/datasets/gmr_retarget_x/v1_v2_v3_g1_numpy123/0807_yanjie_walk_020.pkl,1.0,3250.0,8.300130844116211,0.3422423005104065,68.13367462158203,2.9853665828704834,1.5454167127609253,unknown,7366.781213665351,34.22423005104065,6813.367462158203,519.1895214561074
42,0807_yanjie_walk_030.pkl,/home/huanghao/source/datasets/gmr_retarget_x/v1_v2_v3_g1_numpy123/0807_yanjie_walk_030.pkl,1.0,3250.0,24.07330322265625,0.4181690216064453,3.195699453353882,3.135275363922119,1.5679491758346558,unknown,900.3366799568772,41.81690216064453,319.5699453353882,538.9498324608445
43,0811_static_008.pkl,/home/huanghao/source/datasets/gmr_retarget_x/v1_v2_v3_g1_numpy123/0811_static_008.pkl,1.0,3250.0,18.63602638244629,0.24164514243602753,0.8821460008621216,3.119892120361328,1.5664290189743042,unknown,649.3919597835571,24.164514243602753,88.21460008621216,537.0128454537422
44,0807_yanjie_walk_036.pkl,/home/huanghao/source/datasets/gmr_retarget_x/v1_v2_v3_g1_numpy123/0807_yanjie_walk_036.pkl,1.0,3250.0,15.07419204711914,0.25149112939834595,5.461672306060791,3.1412830352783203,1.5668901205062866,unknown,1110.8332456324092,25.149112939834595,546.1672306060791,539.5169020864956
45,0807_yanjie_walk_019.pkl,/home/huanghao/source/datasets/gmr_retarget_x/v1_v2_v3_g1_numpy123/0807_yanjie_walk_019.pkl,1.0,3250.0,12.221136093139648,0.3730076551437378,77.72618103027344,3.1257824897766113,1.5656520128250122,unknown,8347.517662263977,37.30076551437378,7772.618103027344,537.5987937222593
46,0807_yanjie_walk_001.pkl,/home/huanghao/source/datasets/gmr_retarget_x/v1_v2_v3_g1_numpy123/0807_yanjie_walk_001.pkl,1.0,3250.0,13.890623092651367,0.2286061942577362,6.697051048278809,3.0952324867248535,1.5692522525787354,unknown,1227.076302584206,22.86061942577362,669.7051048278809,534.5105783305514
47,0807_yanjie_walk_016.pkl,/home/huanghao/source/datasets/gmr_retarget_x/v1_v2_v3_g1_numpy123/0807_yanjie_walk_016.pkl,1.0,3250.0,10.978975296020508,0.5076541900634766,580.7412719726562,3.1382663249969482,1.5384594202041626,unknown,58660.80591055237,50.765419006347656,58074.127197265625,535.9132942803969
48,0807_yanjie_walk_006.pkl,/home/huanghao/source/datasets/gmr_retarget_x/v1_v2_v3_g1_numpy123/0807_yanjie_walk_006.pkl,1.0,3250.0,14.995148658752441,0.2926829159259796,1.8373879194259644,3.1392605304718018,1.5641013383865356,unknown,751.9726527518867,29.26829159259796,183.73879194259644,538.9655692166923
49,0807_yanjie_walk_017.pkl,/home/huanghao/source/datasets/gmr_retarget_x/v1_v2_v3_g1_numpy123/0807_yanjie_walk_017.pkl,1.0,3250.0,21.993488311767578,0.4833315312862396,5.461472034454346,3.141313314437866,1.5647270679473877,unknown,1133.752860831673,48.33315312862396,546.1472034454346,539.2725042576143
50,0807_yanjie_walk_021.pkl,/home/huanghao/source/datasets/gmr_retarget_x/v1_v2_v3_g1_numpy123/0807_yanjie_walk_021.pkl,1.0,3250.0,20.847692489624023,0.26783546805381775,7.533627033233643,3.141374111175537,1.5688432455062866,unknown,1319.8974003830165,26.783546805381775,753.3627033233643,539.7511502542704
51,0811_static_019.pkl,/home/huanghao/source/datasets/gmr_retarget_x/v1_v2_v3_g1_numpy123/0811_static_019.pkl,1.0,3250.0,14.490087509155273,0.2364448606967926,0.8995488286018372,3.1095099449157715,1.565617322921753,unknown,649.3294911970985,23.64448606967926,89.95488286018372,535.7301222672355
52,0807_yanjie_walk_009.pkl,/home/huanghao/source/datasets/gmr_retarget_x/v1_v2_v3_g1_numpy123/0807_yanjie_walk_009.pkl,1.0,3250.0,8.873637199401855,0.3239002227783203,56.88188171386719,3.139855146408081,1.5667847394943237,unknown,6259.919395964837,32.39002227783203,5688.188171386719,539.3412023002862
53,0807_yanjie_walk_014.pkl,/home/huanghao/source/datasets/gmr_retarget_x/v1_v2_v3_g1_numpy123/0807_yanjie_walk_014.pkl,1.0,3250.0,9.970998764038086,0.2732010781764984,13.868844985961914,3.1392641067504883,1.5696512460708618,unknown,1953.8065580158818,27.32010781764984,1386.8844985961914,539.6019516020406
54,0807_yanjie_walk_026.pkl,/home/huanghao/source/datasets/gmr_retarget_x/v1_v2_v3_g1_numpy123/0807_yanjie_walk_026.pkl,1.0,3250.0,5.425260066986084,0.25932061672210693,3.2728943824768066,1.8276830911636353,1.4739253520965576,unknown,731.5579587270254,25.932061672210693,327.28943824768066,378.33645880713397
55,0807_yanjie_walk_038.pkl,/home/huanghao/source/datasets/gmr_retarget_x/v1_v2_v3_g1_numpy123/0807_yanjie_walk_038.pkl,1.0,3250.0,19.87386703491211,0.2385142296552658,4.973924160003662,3.1415536403656006,1.558133840560913,unknown,1059.7883543410103,23.85142296552658,497.3924160003662,538.5445153751176
56,0807_yanjie_walk_018.pkl,/home/huanghao/source/datasets/gmr_retarget_x/v1_v2_v3_g1_numpy123/0807_yanjie_walk_018.pkl,1.0,3250.0,11.85079574584961,0.2412969321012497,14.81274127960205,2.825652837753296,1.562041163444519,unknown,2008.196517297338,24.12969321012497,1481.274127960205,502.79269612700796
57,0807_yanjie_walk_025.pkl,/home/huanghao/source/datasets/gmr_retarget_x/v1_v2_v3_g1_numpy123/0807_yanjie_walk_025.pkl,1.0,3250.0,13.087750434875488,0.27040186524391174,3.249302625656128,3.1272037029266357,1.5635210275650024,unknown,889.4879089196268,27.040186524391174,324.9302625656128,537.5174598296228
58,0807_yanjie_walk_047.pkl,/home/huanghao/source/datasets/gmr_retarget_x/v1_v2_v3_g1_numpy123/0807_yanjie_walk_047.pkl,1.0,3250.0,11.262823104858398,0.27350306510925293,43.14512252807617,3.1415798664093018,1.563351035118103,unknown,4881.007926434946,27.350306510925293,4314.512252807617,539.1453671164036
59,0807_yanjie_walk_024.pkl,/home/huanghao/source/datasets/gmr_retarget_x/v1_v2_v3_g1_numpy123/0807_yanjie_walk_024.pkl,1.0,3250.0,8.76730728149414,0.31749752163887024,2.5815207958221436,3.1389429569244385,1.5677863359451294,unknown,829.2532793301427,31.749752163887024,258.15207958221436,539.3514475840414
60,0807_yanjie_walk_040.pkl,/home/huanghao/source/datasets/gmr_retarget_x/v1_v2_v3_g1_numpy123/0807_yanjie_walk_040.pkl,1.0,3250.0,9.605550765991211,0.22457267343997955,1.6849098205566406,2.9871742725372314,1.5659873485565186,unknown,712.702138058894,22.457267343997955,168.49098205566406,521.753888659232
61,0807_yanjie_walk_039.pkl,/home/huanghao/source/datasets/gmr_retarget_x/v1_v2_v3_g1_numpy123/0807_yanjie_walk_039.pkl,1.0,3250.0,8.935565948486328,0.2665289044380188,1.8420621156692505,3.1196506023406982,1.5682591199874878,unknown,748.0539856662284,26.65289044380188,184.20621156692505,537.1948836555015
62,0807_yanjie_walk_002.pkl,/home/huanghao/source/datasets/gmr_retarget_x/v1_v2_v3_g1_numpy123/0807_yanjie_walk_002.pkl,1.0,3250.0,13.323007583618164,0.24333153665065765,2.9860734939575195,3.124178647994995,1.5683549642562866,unknown,860.665245471372,24.333153665065765,298.60734939575195,537.7247424105543
63,0811_static_009.pkl,/home/huanghao/source/datasets/gmr_retarget_x/v1_v2_v3_g1_numpy123/0811_static_009.pkl,1.0,3250.0,17.699838638305664,0.2503725290298462,1.466036081314087,3.125932455062866,1.567826271057129,unknown,709.5059911531481,25.03725290298462,146.6036081314087,537.8651301187548
64,0807_yanjie_walk_013.pkl,/home/huanghao/source/datasets/gmr_retarget_x/v1_v2_v3_g1_numpy123/0807_yanjie_walk_013.pkl,1.0,3250.0,10.812204360961914,0.26621338725090027,3.186830759048462,3.141369342803955,1.569704532623291,unknown,885.1537147025797,26.621338725090027,318.6830759048462,539.8493000726435
65,0807_yanjie_walk_037.pkl,/home/huanghao/source/datasets/gmr_retarget_x/v1_v2_v3_g1_numpy123/0807_yanjie_walk_037.pkl,1.0,3250.0,5.9644317626953125,0.5241948366165161,9.002181053161621,1.9198336601257324,1.4082199335098267,unknown,1334.0044387951423,52.41948366165161,900.2181053161621,381.36684981732856
66,0807_yanjie_walk_022.pkl,/home/huanghao/source/datasets/gmr_retarget_x/v1_v2_v3_g1_numpy123/0807_yanjie_walk_022.pkl,1.0,3250.0,9.742290496826172,0.2455759048461914,10.803257942199707,3.1406259536743164,1.5683549642562866,unknown,1644.4928495147174,24.55759048461914,1080.3257942199707,539.6094648101276
67,0807_yanjie_walk_010.pkl,/home/huanghao/source/datasets/gmr_retarget_x/v1_v2_v3_g1_numpy123/0807_yanjie_walk_010.pkl,1.0,3250.0,5.656383514404297,0.35445770621299744,71.03597259521484,3.1404612064361572,1.5674488544464111,unknown,7678.529783774284,35.445770621299744,7103.597259521484,539.4867536314993
68,0811_static_020.pkl,/home/huanghao/source/datasets/gmr_retarget_x/v1_v2_v3_g1_numpy123/0811_static_020.pkl,1.0,3250.0,27.477336883544922,0.22719380259513855,1.6781519651412964,3.136943817138672,1.5636200904846191,unknown,729.179523250317,22.719380259513855,167.81519651412964,538.6449464766735
69,0811_static_018.pkl,/home/huanghao/source/datasets/gmr_retarget_x/v1_v2_v3_g1_numpy123/0811_static_018.pkl,1.0,3250.0,20.270729064941406,0.24822035431861877,1.8565127849578857,1.5018982887268066,1.5479716062545776,unknown,559.9626600205323,24.822035431861877,185.65127849578857,349.4893460928819
70,0811_static_015.pkl,/home/huanghao/source/datasets/gmr_retarget_x/v1_v2_v3_g1_numpy123/0811_static_015.pkl,1.0,3250.0,11.64753532409668,0.26199495792388916,1.7578541040420532,3.1048216819763184,1.5650602579116821,unknown,737.1139581564903,26.199495792388916,175.78541040420532,535.1290519598961
71,0807_yanjie_walk_048.pkl,/home/huanghao/source/datasets/gmr_retarget_x/v1_v2_v3_g1_numpy123/0807_yanjie_walk_048.pkl,1.0,3250.0,12.283143997192383,0.24960213899612427,3.534379720687866,3.1389524936676025,1.559592366218567,unknown,916.8117666171275,24.960213899612427,353.4379720687866,538.4135806487285
72,0807_yanjie_walk_045.pkl,/home/huanghao/source/datasets/gmr_retarget_x/v1_v2_v3_g1_numpy123/0807_yanjie_walk_045.pkl,1.0,3250.0,11.438705444335938,0.454291969537735,20.28874397277832,3.1300160884857178,1.5695044994354248,unknown,2612.828985077047,45.4291969537735,2028.874397277832,538.5253908454415
